detail,error_severity,event_message,hint,id,identifier,timestamp
null,LOG,"connection authenticated: identity=""supabase_admin"" method=scram-sha-256 (/etc/postgresql/pg_hba_users_public.conf:9)",null,c2c1a30b-488a-4323-819e-5f256e03d445,bnhtldbrdryispihzqns,1762777651261000
null,LOG,"connection authorized: user=supabase_admin database=postgres application_name=undefined SSL enabled (protocol=TLSv1.3, cipher=TLS_AES_256_GCM_SHA384, bits=256)",null,45717287-687f-4c5c-9663-9e07c66e47a0,bnhtldbrdryispihzqns,1762777651261000
null,LOG,"connection authenticated: identity=""supabase_admin"" method=scram-sha-256 (/etc/postgresql/pg_hba_users_public.conf:9)",null,1d369113-8be2-47ec-a4b7-652cd164c87f,bnhtldbrdryispihzqns,1762777651243000
null,LOG,"connection authorized: user=supabase_admin database=postgres application_name=undefined SSL enabled (protocol=TLSv1.3, cipher=TLS_AES_256_GCM_SHA384, bits=256)",null,e10b64bb-950b-4327-8e00-0613c66054d1,bnhtldbrdryispihzqns,1762777651243000
null,LOG,connection authorized: user=supabase_admin database=postgres application_name=postgres_exporter,null,3f7b76ae-d77a-49e3-bca3-e738ccd99f40,bnhtldbrdryispihzqns,1762777648351000
null,LOG,"connection authenticated: user=""supabase_admin"" method=trust (/etc/postgresql/pg_hba.conf:8)",null,7b775a00-6cc9-48ea-b8d3-ba7cf112f438,bnhtldbrdryispihzqns,1762777648351000
null,LOG,connection received: host=::1 port=8281,null,ae7eefe6-a7e8-4ef2-b373-6190b2ba4e62,bnhtldbrdryispihzqns,1762777648350000
null,LOG,connection authorized: user=supabase_admin database=postgres application_name=postgres_exporter,null,e5f4641a-714e-4341-bea0-5050e99f5964,bnhtldbrdryispihzqns,1762777588352000
null,LOG,"connection authenticated: user=""supabase_admin"" method=trust (/etc/postgresql/pg_hba.conf:8)",null,ef1201bb-2b25-4615-97a8-6f2db22e440f,bnhtldbrdryispihzqns,1762777588352000
null,LOG,connection received: host=::1 port=10011,null,bc5d3661-774c-48e2-b487-cb18e7a86ec6,bnhtldbrdryispihzqns,1762777588351000
null,LOG,"connection authenticated: identity=""supabase_admin"" method=scram-sha-256 (/etc/postgresql/pg_hba_users_public.conf:9)",null,5155d38b-f71b-484e-bfd3-997c050e91c7,bnhtldbrdryispihzqns,1762777571541000
null,LOG,"connection authorized: user=supabase_admin database=postgres application_name=undefined SSL enabled (protocol=TLSv1.3, cipher=TLS_AES_256_GCM_SHA384, bits=256)",null,e9b82cf8-245f-434e-beac-1f8f42ebbae6,bnhtldbrdryispihzqns,1762777571541000
null,LOG,"connection authenticated: identity=""postgres"" method=scram-sha-256 (/etc/postgresql/pg_hba_public.conf:3)",null,9baaf6c2-ce60-44df-a20e-1df24cc82724,bnhtldbrdryispihzqns,1762777571070000
null,LOG,"connection authorized: user=postgres database=postgres application_name=supabase/dashboard SSL enabled (protocol=TLSv1.3, cipher=TLS_AES_256_GCM_SHA384, bits=256)",null,b2ef116f-9fc6-41dd-9941-375334f3a8e6,bnhtldbrdryispihzqns,1762777571070000
null,LOG,"connection authorized: user=postgres database=postgres application_name=supabase/dashboard SSL enabled (protocol=TLSv1.3, cipher=TLS_AES_256_GCM_SHA384, bits=256)",null,955eb1d9-0edc-436f-b61d-17b0c73b4576,bnhtldbrdryispihzqns,1762777571066000
null,LOG,"connection authenticated: identity=""postgres"" method=scram-sha-256 (/etc/postgresql/pg_hba_public.conf:3)",null,9f17a840-ea4f-480d-8a32-460087a38e17,bnhtldbrdryispihzqns,1762777571066000
null,LOG,"connection authorized: user=supabase_admin database=postgres application_name=undefined SSL enabled (protocol=TLSv1.3, cipher=TLS_AES_256_GCM_SHA384, bits=256)",null,f3e4e4d4-22c4-4993-a421-441d16e58165,bnhtldbrdryispihzqns,1762777570641000
null,LOG,"connection authenticated: identity=""supabase_admin"" method=scram-sha-256 (/etc/postgresql/pg_hba_users_public.conf:9)",null,a159a6db-5ed5-4b7d-bcce-f064b06369d7,bnhtldbrdryispihzqns,1762777570641000
null,LOG,"connection authorized: user=postgres database=postgres application_name=supabase/dashboard SSL enabled (protocol=TLSv1.3, cipher=TLS_AES_256_GCM_SHA384, bits=256)",null,5a0566a5-e579-4f48-a23f-75e191c7b3ea,bnhtldbrdryispihzqns,1762777570635000
null,LOG,"connection authenticated: identity=""postgres"" method=scram-sha-256 (/etc/postgresql/pg_hba_public.conf:3)",null,94c256ea-729c-4962-9de0-17f380f24a1f,bnhtldbrdryispihzqns,1762777570635000
null,LOG,"connection authenticated: identity=""postgres"" method=scram-sha-256 (/etc/postgresql/pg_hba_public.conf:3)",null,1e286928-3273-4906-b9c9-0fc0e43e0c75,bnhtldbrdryispihzqns,1762777570632000
null,LOG,"connection authorized: user=postgres database=postgres application_name=supabase/dashboard SSL enabled (protocol=TLSv1.3, cipher=TLS_AES_256_GCM_SHA384, bits=256)",null,b0480b8b-e71e-4656-a01a-88f2fe80c1ea,bnhtldbrdryispihzqns,1762777570632000
null,LOG,"connection authorized: user=postgres database=postgres application_name=supabase/dashboard SSL enabled (protocol=TLSv1.3, cipher=TLS_AES_256_GCM_SHA384, bits=256)",null,d3969de9-5d7d-4cdf-b03d-e2b542b88fae,bnhtldbrdryispihzqns,1762777570628000
null,LOG,"connection authenticated: identity=""postgres"" method=scram-sha-256 (/etc/postgresql/pg_hba_public.conf:3)",null,1af7a6c3-e795-45a5-a777-de0c10e0f3c1,bnhtldbrdryispihzqns,1762777570628000
null,LOG,"connection authorized: user=postgres database=postgres application_name=supabase/dashboard SSL enabled (protocol=TLSv1.3, cipher=TLS_AES_256_GCM_SHA384, bits=256)",null,6e1d652f-48f4-4d6b-9edf-dd7fb6dd07a3,bnhtldbrdryispihzqns,1762777570621000
null,LOG,"connection authenticated: identity=""postgres"" method=scram-sha-256 (/etc/postgresql/pg_hba_public.conf:3)",null,2d6694ed-be51-4fff-bea4-62db9e92a3e2,bnhtldbrdryispihzqns,1762777570621000
null,LOG,"connection authenticated: identity=""postgres"" method=scram-sha-256 (/etc/postgresql/pg_hba_public.conf:3)",null,e19d5e02-1800-47f9-9e26-a104514f4da9,bnhtldbrdryispihzqns,1762777570619000
null,LOG,"connection authenticated: identity=""postgres"" method=scram-sha-256 (/etc/postgresql/pg_hba_public.conf:3)",null,712e5a96-abb6-43a5-9150-b3c3168e3a89,bnhtldbrdryispihzqns,1762777570619000
null,LOG,"connection authorized: user=postgres database=postgres application_name=supabase/dashboard SSL enabled (protocol=TLSv1.3, cipher=TLS_AES_256_GCM_SHA384, bits=256)",null,2c808e49-66e0-4d1f-87d5-3c711cb40c25,bnhtldbrdryispihzqns,1762777570619000
null,LOG,"connection authorized: user=postgres database=postgres application_name=supabase/dashboard SSL enabled (protocol=TLSv1.3, cipher=TLS_AES_256_GCM_SHA384, bits=256)",null,9d64b0da-b51d-467f-a758-c1cb23d3e91e,bnhtldbrdryispihzqns,1762777570619000
null,LOG,"connection authenticated: identity=""postgres"" method=scram-sha-256 (/etc/postgresql/pg_hba_public.conf:3)",null,68362ef6-e2bc-452e-b3a3-bf45fa10493f,bnhtldbrdryispihzqns,1762777570614000
null,LOG,"connection authorized: user=postgres database=postgres application_name=supabase/dashboard SSL enabled (protocol=TLSv1.3, cipher=TLS_AES_256_GCM_SHA384, bits=256)",null,8f8e2fe9-08f9-40de-afb4-e967204cc289,bnhtldbrdryispihzqns,1762777570614000
null,LOG,"connection authorized: user=postgres database=postgres application_name=supabase/dashboard SSL enabled (protocol=TLSv1.3, cipher=TLS_AES_256_GCM_SHA384, bits=256)",null,aec8942f-2d63-4d18-8664-0cf5ba306bf6,bnhtldbrdryispihzqns,1762777570602000
null,LOG,"connection authenticated: identity=""postgres"" method=scram-sha-256 (/etc/postgresql/pg_hba_public.conf:3)",null,7d0316e4-bcbd-4735-b949-10e508219b75,bnhtldbrdryispihzqns,1762777570602000
null,LOG,"connection authorized: user=postgres database=postgres application_name=supabase/dashboard SSL enabled (protocol=TLSv1.3, cipher=TLS_AES_256_GCM_SHA384, bits=256)",null,7a0f2ff1-543c-40a2-a993-d7c80068fc34,bnhtldbrdryispihzqns,1762777570601000
null,LOG,"connection authenticated: identity=""postgres"" method=scram-sha-256 (/etc/postgresql/pg_hba_public.conf:3)",null,0edc658c-2e53-4d77-bec7-67ee92e5a8f8,bnhtldbrdryispihzqns,1762777570601000
null,LOG,"connection authorized: user=postgres database=postgres application_name=supabase/dashboard SSL enabled (protocol=TLSv1.3, cipher=TLS_AES_256_GCM_SHA384, bits=256)",null,1fd0cf52-5728-4664-9a71-b0e1e54721fc,bnhtldbrdryispihzqns,1762777570600000
null,LOG,"connection authenticated: identity=""postgres"" method=scram-sha-256 (/etc/postgresql/pg_hba_public.conf:3)",null,1af427a7-3fa7-42d8-abba-845d4fec1d76,bnhtldbrdryispihzqns,1762777570600000
null,LOG,connection received: host=2a05:d018:1e14:201:2ab:b32a:1da6:14e6 port=48600,null,63fb64ca-ac00-4075-b65b-376670fbb857,bnhtldbrdryispihzqns,1762777570436000
null,LOG,connection received: host=2a05:d018:1e14:200:56ff:395a:647a:4a0 port=53458,null,dce70b8c-251f-4969-aa12-b37ab956c73f,bnhtldbrdryispihzqns,1762777570425000
null,LOG,connection received: host=2a05:d018:1e14:201:36a8:3cd5:1551:22a9 port=35892,null,a1a940f4-ddd1-4fa8-a5d8-fc6bf684bf14,bnhtldbrdryispihzqns,1762777570425000
null,LOG,connection received: host=2a05:d018:1e14:200:8e8b:186:b3bd:e613 port=34846,null,f25c3500-6772-45ea-a576-30d7b7491102,bnhtldbrdryispihzqns,1762777570422000
null,LOG,connection received: host=2a05:d018:1e14:200:56ff:395a:647a:4a0 port=53452,null,44622a70-0fb0-4f28-8d83-e394d84a552c,bnhtldbrdryispihzqns,1762777570422000
null,LOG,connection received: host=2a05:d018:1e14:200:a147:fa8c:c737:d3ec port=36568,null,a457e334-acc9-4896-98c7-2e305c0874dc,bnhtldbrdryispihzqns,1762777570420000
null,LOG,connection received: host=2a05:d018:1e14:201:b525:778b:74e4:3c7d port=34210,null,fb9786aa-c4ed-465d-9135-58281e7b17b3,bnhtldbrdryispihzqns,1762777570418000
null,LOG,connection received: host=2a05:d018:1e14:201:2ab:b32a:1da6:14e6 port=48596,null,2134db79-4fa0-4b86-809b-bdb32a3ef35c,bnhtldbrdryispihzqns,1762777570415000
null,LOG,connection received: host=2a05:d018:1e14:200:56ff:395a:647a:4a0 port=53436,null,fa9dac3c-08cf-4f4d-a205-fb6dd9714402,bnhtldbrdryispihzqns,1762777570398000
null,LOG,connection received: host=2a05:d018:1e14:201:2ab:b32a:1da6:14e6 port=48588,null,32775aad-ecc6-4c90-87b0-95892b5facb9,bnhtldbrdryispihzqns,1762777570396000
null,LOG,connection received: host=2a05:d018:1e14:200:ef5a:781:48fc:ccf4 port=44510,null,0900fa12-6120-4fd0-a4fb-56abf002c881,bnhtldbrdryispihzqns,1762777570395000
null,LOG,connection authorized: user=supabase_admin database=postgres application_name=postgres_exporter,null,1ae0c492-8121-47b9-a7ba-86ce255fef0c,bnhtldbrdryispihzqns,1762777528354000
null,LOG,"connection authenticated: user=""supabase_admin"" method=trust (/etc/postgresql/pg_hba.conf:8)",null,96b046d8-e9cb-498b-bd9d-f651682553fb,bnhtldbrdryispihzqns,1762777528354000
null,LOG,connection received: host=::1 port=24265,null,369fc1e5-ccfa-4e88-a8fc-e4c3a47dc100,bnhtldbrdryispihzqns,1762777528353000
null,LOG,"connection authorized: user=postgres database=postgres application_name=supabase/dashboard SSL enabled (protocol=TLSv1.3, cipher=TLS_AES_256_GCM_SHA384, bits=256)",null,2aff19b0-b4c4-4a7d-ae5b-2f0f3f800c65,bnhtldbrdryispihzqns,1762777496327000
null,LOG,"connection authenticated: identity=""postgres"" method=scram-sha-256 (/etc/postgresql/pg_hba_public.conf:3)",null,907ab9d0-687f-4980-aa53-590b7e8bcaa9,bnhtldbrdryispihzqns,1762777496327000
null,LOG,"connection authenticated: identity=""postgres"" method=scram-sha-256 (/etc/postgresql/pg_hba_public.conf:3)",null,138c7a56-ac21-4aed-a119-9867371e106a,bnhtldbrdryispihzqns,1762777496322000
null,LOG,"connection authorized: user=postgres database=postgres application_name=supabase/dashboard SSL enabled (protocol=TLSv1.3, cipher=TLS_AES_256_GCM_SHA384, bits=256)",null,8a428863-cd9f-4b33-9047-d488a85ee8cb,bnhtldbrdryispihzqns,1762777496322000
null,LOG,"connection authenticated: identity=""postgres"" method=scram-sha-256 (/etc/postgresql/pg_hba_public.conf:3)",null,eb5e3136-ba7b-4b6d-befd-880533e5826f,bnhtldbrdryispihzqns,1762777495908000
null,LOG,"connection authorized: user=postgres database=postgres application_name=supabase/dashboard SSL enabled (protocol=TLSv1.3, cipher=TLS_AES_256_GCM_SHA384, bits=256)",null,67eed1dc-8520-4fc2-9454-8430081c0621,bnhtldbrdryispihzqns,1762777495908000
null,LOG,"connection authenticated: identity=""postgres"" method=scram-sha-256 (/etc/postgresql/pg_hba_public.conf:3)",null,c5362bc9-320a-4775-b280-48e3e21aee2a,bnhtldbrdryispihzqns,1762777495904000
null,LOG,"connection authorized: user=postgres database=postgres application_name=supabase/dashboard SSL enabled (protocol=TLSv1.3, cipher=TLS_AES_256_GCM_SHA384, bits=256)",null,9b429395-36aa-4117-814a-a322dae94bed,bnhtldbrdryispihzqns,1762777495904000
null,LOG,"connection authorized: user=postgres database=postgres application_name=supabase/dashboard SSL enabled (protocol=TLSv1.3, cipher=TLS_AES_256_GCM_SHA384, bits=256)",null,fff31510-9dfb-4214-b4f6-28e562a77377,bnhtldbrdryispihzqns,1762777495902000
null,LOG,"connection authenticated: identity=""postgres"" method=scram-sha-256 (/etc/postgresql/pg_hba_public.conf:3)",null,510ed0ff-11cb-44c7-a62c-f7020c212a6e,bnhtldbrdryispihzqns,1762777495902000
null,LOG,"connection authenticated: identity=""postgres"" method=scram-sha-256 (/etc/postgresql/pg_hba_public.conf:3)",null,2c2e7c51-bbf9-41ac-a0f8-647ff0b307dc,bnhtldbrdryispihzqns,1762777495898000
null,LOG,"connection authorized: user=postgres database=postgres application_name=supabase/dashboard SSL enabled (protocol=TLSv1.3, cipher=TLS_AES_256_GCM_SHA384, bits=256)",null,87060758-a19e-4d64-a795-3d3c82b1d81c,bnhtldbrdryispihzqns,1762777495898000
null,LOG,"connection authorized: user=postgres database=postgres application_name=supabase/dashboard SSL enabled (protocol=TLSv1.3, cipher=TLS_AES_256_GCM_SHA384, bits=256)",null,ff83cbac-0d32-4086-9b5c-388130318648,bnhtldbrdryispihzqns,1762777495892000
null,LOG,"connection authenticated: identity=""postgres"" method=scram-sha-256 (/etc/postgresql/pg_hba_public.conf:3)",null,733258c1-a13d-4458-913e-e07120d44491,bnhtldbrdryispihzqns,1762777495892000
null,LOG,"connection authorized: user=postgres database=postgres application_name=supabase/dashboard SSL enabled (protocol=TLSv1.3, cipher=TLS_AES_256_GCM_SHA384, bits=256)",null,8f0f2075-0561-4733-b346-433c58b1319a,bnhtldbrdryispihzqns,1762777495886000
null,LOG,"connection authenticated: identity=""postgres"" method=scram-sha-256 (/etc/postgresql/pg_hba_public.conf:3)",null,e7d6161d-9e63-4ae1-be39-1d062016654d,bnhtldbrdryispihzqns,1762777495886000
null,LOG,"connection authenticated: identity=""postgres"" method=scram-sha-256 (/etc/postgresql/pg_hba_public.conf:3)",null,6fa0f5d6-69b8-47c8-b5ea-299e8fb83bb2,bnhtldbrdryispihzqns,1762777495878000
null,LOG,"connection authorized: user=postgres database=postgres application_name=supabase/dashboard SSL enabled (protocol=TLSv1.3, cipher=TLS_AES_256_GCM_SHA384, bits=256)",null,be8210e5-7e98-4712-9d0a-6743f89d1069,bnhtldbrdryispihzqns,1762777495878000
null,LOG,"connection authenticated: identity=""postgres"" method=scram-sha-256 (/etc/postgresql/pg_hba_public.conf:3)",null,93295de9-37e9-42b5-8b3e-4d83232dd68b,bnhtldbrdryispihzqns,1762777495858000
null,LOG,"connection authorized: user=postgres database=postgres application_name=supabase/dashboard SSL enabled (protocol=TLSv1.3, cipher=TLS_AES_256_GCM_SHA384, bits=256)",null,d0581e5e-a860-4939-94eb-87d8c0ba51e7,bnhtldbrdryispihzqns,1762777495858000
null,LOG,"connection authenticated: identity=""postgres"" method=scram-sha-256 (/etc/postgresql/pg_hba_public.conf:3)",null,f55df672-1f76-449b-8142-721e0282b917,bnhtldbrdryispihzqns,1762777495851000
null,LOG,"connection authorized: user=postgres database=postgres application_name=supabase/dashboard SSL enabled (protocol=TLSv1.3, cipher=TLS_AES_256_GCM_SHA384, bits=256)",null,b3455bb7-c88e-4f6a-be91-a0334550c348,bnhtldbrdryispihzqns,1762777495851000
null,LOG,"connection authenticated: identity=""postgres"" method=scram-sha-256 (/etc/postgresql/pg_hba_public.conf:3)",null,c3d6b949-ed33-4f1b-9ac1-3f920df16127,bnhtldbrdryispihzqns,1762777495835000
null,LOG,"connection authorized: user=postgres database=postgres application_name=supabase/dashboard SSL enabled (protocol=TLSv1.3, cipher=TLS_AES_256_GCM_SHA384, bits=256)",null,d6df1fe7-9e48-4426-a1dc-f5584c0fa800,bnhtldbrdryispihzqns,1762777495835000
null,LOG,"connection authorized: user=postgres database=postgres application_name=supabase/dashboard SSL enabled (protocol=TLSv1.3, cipher=TLS_AES_256_GCM_SHA384, bits=256)",null,80a1519e-62ef-4169-8599-4ee0b34b882b,bnhtldbrdryispihzqns,1762777495828000
null,LOG,"connection authenticated: identity=""postgres"" method=scram-sha-256 (/etc/postgresql/pg_hba_public.conf:3)",null,18688a4b-9047-4970-8cd7-c137e4ad791d,bnhtldbrdryispihzqns,1762777495828000
null,LOG,"connection authenticated: identity=""postgres"" method=scram-sha-256 (/etc/postgresql/pg_hba_public.conf:3)",null,e62f8926-0fce-458d-bcd3-028e6d460217,bnhtldbrdryispihzqns,1762777495822000
null,LOG,"connection authorized: user=postgres database=postgres application_name=supabase/dashboard SSL enabled (protocol=TLSv1.3, cipher=TLS_AES_256_GCM_SHA384, bits=256)",null,d5bf7286-6da0-48aa-9214-fea89f745d6f,bnhtldbrdryispihzqns,1762777495822000
null,LOG,"connection authorized: user=supabase_admin database=postgres application_name=realtime_health_check SSL enabled (protocol=TLSv1.3, cipher=TLS_AES_256_GCM_SHA384, bits=256)",null,a2e2e26f-6f3e-4b51-8f87-1f551e52cb07,bnhtldbrdryispihzqns,1762777495206000
null,LOG,"connection authenticated: identity=""supabase_admin"" method=scram-sha-256 (/etc/postgresql/pg_hba_users_public.conf:9)",null,45263029-0302-4e8e-bd01-29e74a070e70,bnhtldbrdryispihzqns,1762777495206000
null,LOG,"connection authenticated: identity=""supabase_admin"" method=scram-sha-256 (/etc/postgresql/pg_hba_users_public.conf:9)",null,cceff87f-a48a-4af8-b0fd-f40bb0014232,bnhtldbrdryispihzqns,1762777495102000
null,LOG,"connection authorized: user=supabase_admin database=postgres application_name=undefined SSL enabled (protocol=TLSv1.3, cipher=TLS_AES_256_GCM_SHA384, bits=256)",null,74ab078c-d4d1-41e2-ab55-3d340a6a46a5,bnhtldbrdryispihzqns,1762777495102000
null,LOG,"connection authorized: user=supabase_admin database=postgres application_name=undefined SSL enabled (protocol=TLSv1.3, cipher=TLS_AES_256_GCM_SHA384, bits=256)",null,580a4d13-e41f-41ca-8d73-3217f37177ed,bnhtldbrdryispihzqns,1762777495099000
null,LOG,"connection authenticated: identity=""supabase_admin"" method=scram-sha-256 (/etc/postgresql/pg_hba_users_public.conf:9)",null,f6ebcf93-77dd-4eae-a3d5-87f491e4d3e4,bnhtldbrdryispihzqns,1762777495099000
null,LOG,"connection authorized: user=supabase_admin database=postgres application_name=undefined SSL enabled (protocol=TLSv1.3, cipher=TLS_AES_256_GCM_SHA384, bits=256)",null,0f2121b5-d5d5-4ea6-a537-38432b91e59f,bnhtldbrdryispihzqns,1762777495072000
null,LOG,"connection authenticated: identity=""supabase_admin"" method=scram-sha-256 (/etc/postgresql/pg_hba_users_public.conf:9)",null,d40a12bc-dac0-418b-9b76-4e139753fd17,bnhtldbrdryispihzqns,1762777495072000
null,LOG,"connection authorized: user=postgres database=postgres application_name=supabase/dashboard SSL enabled (protocol=TLSv1.3, cipher=TLS_AES_256_GCM_SHA384, bits=256)",null,a0e08598-747a-4a70-ba61-268afaa4ab77,bnhtldbrdryispihzqns,1762777494998000
null,LOG,"connection authenticated: identity=""postgres"" method=scram-sha-256 (/etc/postgresql/pg_hba_public.conf:3)",null,d15767fe-504c-402e-8bc3-edf01194d449,bnhtldbrdryispihzqns,1762777494998000
null,LOG,"connection authorized: user=postgres database=postgres application_name=supabase/dashboard SSL enabled (protocol=TLSv1.3, cipher=TLS_AES_256_GCM_SHA384, bits=256)",null,49b682af-29f0-4fdb-9ed9-0c83ece76988,bnhtldbrdryispihzqns,1762777494996000
null,LOG,"connection authenticated: identity=""postgres"" method=scram-sha-256 (/etc/postgresql/pg_hba_public.conf:3)",null,31bee04d-a4f3-4421-8ded-051c6318b257,bnhtldbrdryispihzqns,1762777494996000
null,LOG,connection received: host=2a05:d01c:3be:df01:5857:b4e4:63c2:672a port=51670,null,76141c23-9cb1-4426-a03f-acc0d69c654e,bnhtldbrdryispihzqns,1762777494982000
null,LOG,connection received: host=2a05:d018:1e14:200:bb31:9f5c:b042:2004 port=59450,null,47a74923-b2e4-481b-ab61-6e6469a4b40b,bnhtldbrdryispihzqns,1762777494899000
null,LOG,connection received: host=2a05:d018:1e14:201:b634:19c5:539b:e229 port=39174,null,e90c45b5-0d6e-42f1-b704-51bbe7d11187,bnhtldbrdryispihzqns,1762777494899000
null,LOG,connection received: host=2a05:d018:1e14:200:56ff:395a:647a:4a0 port=54490,null,9bedf1b9-4945-47f6-9ff8-23ffa836e936,bnhtldbrdryispihzqns,1762777494878000
null,LOG,connection received: host=2a05:d018:1e14:201:cdf8:4086:2330:4cd2 port=38290,null,eeced1b8-c639-4aa8-8fcd-bab789d78c8e,bnhtldbrdryispihzqns,1762777494790000
null,LOG,connection received: host=2a05:d018:1e14:200:56ff:395a:647a:4a0 port=54476,null,7f165569-bffc-4ec0-a733-60b57e423eef,bnhtldbrdryispihzqns,1762777494784000
null,LOG,"checkpoint complete: wrote 14 buffers (0.0%); 0 WAL file(s) added, 0 removed, 3 recycled; write=1.418 s, sync=0.002 s, total=1.441 s; sync files=12, longest=0.002 s, average=0.001 s; distance=49152 kB, estimate=49152 kB; lsn=0/31000080, redo lsn=0/31000028",null,fedd9b83-32de-4cea-a282-f7aaa9f508d9,bnhtldbrdryispihzqns,1762777481693000
null,LOG,checkpoint starting: time,null,2772877f-7844-445c-8049-3c76c7130285,bnhtldbrdryispihzqns,1762777480256000